Signatur,Incipit,Titel,KomponistIn,Herkunftsort KomponistIn,TexterIn,Herkunftsort TexterIn,InterpretIn,Herkunftsort InterpretIn,Dauer [min:sec],Liedarchiv-Nummer,Alte Signatur Tonband,Seite,Liednr.,Alte Signatur Track,1. Aufnahmeort,2. Herkunftort Komposition,Aufnahmedatum: Anzeige,Kompositionsdatum: Anzeige,Instrumente,Personen/Institutionen,Schlagworte,Kommentar,Objektart,Originalträger,Ist ein Teil von,Sammlung,Copyright,Ähnliche Lieder/Stücke,Erfassungsdatum
SVA_01M_001_a1,,,,,,,Daniel Perret;Roland Ambühl,Schweiz;Zürich;Thalwil;Hinwil,1:50,,L72/1,A,1,L72/1-A1,Schweiz;Aargau;Lenzburg;Rittersaal,UK;Schottland,02.07.1972,,Dudelsack;Trommel,Daniel Perret;Roland Ambühl;Folkfestival auf der Lenzburg,,,Stück (nur Musik),Magnettonband,SVA_01M_001,SVA_01,SGV,,27.05.2020
SVA_01M_001_a2,"Flop eared mule, flop eared mule, floppy floppy",Flop Eared Mule,,,,,The String Band,USA;Minnesota;Minneapolis,3:00,29633,L72/1,A,2,L72/1-A2,Schweiz;Aargau;Lenzburg;Rittersaal,USA,02.07.1972,,Gesang;Gitarre;Geige;Zuberbass,The String Band;Folkfestival auf der Lenzburg,,,Lied (Musik+Text),Magnettonband,SVA_01M_001,SVA_01,SGV,,27.05.2020
SVA_01M_001_a3,"Dooley was a good old man, he lived below the mill",Dooley,,,,,The String Band,USA;Minnesota;Minneapolis,2:10,29634,L72/1,A,3,L72/1-A3,Schweiz;Aargau;Lenzburg;Rittersaal,USA,02.07.1972,,Gesang;Chor;Geige;Banjo;Gitarre,The String Band;Folkfestival auf der Lenzburg,,,Lied (Musik+Text),Magnettonband,SVA_01M_001,SVA_01,SGV,,27.05.2020
SVA_01M_001_a4,"I let you be, you salty dog",Salty Dog Blues,Charlie Jackso,USA,Charlie Jackson,USA,The String Band,USA;Minnesota;Minneapolis,2:40,29635,L72/1,A,4,L72/1-A4,Schweiz;Aargau;Lenzburg;Rittersaal,USA,02.07.1972,1924,Gesang;Gitarre;Banjo;Löffel,The String Band;Folkfestival auf der Lenzburg,,,Lied (Musik+Text),Magnettonband,SVA_01M_001,SVA_01,SGV,,27.05.2020
SVA_01M_001_a5,I ain't got no job an' I don't want any,I Wanna Be Your Man,,,,,The String Band,USA;Minnesota;Minneapolis,3:50,29636,L72/1,A,5,L72/1-A5,Schweiz;Aargau;Lenzburg;Rittersaal,USA;Minnesota;Minneapolis,02.07.1972,,Gesang;Geige;Gitarre;Zuberbass;Kazoo,The String Band;Folkfestival auf der Lenzburg,,,Lied (Musik+Text),Magnettonband,SVA_01M_001,SVA_01,SGV,,27.05.2020
SVA_01M_001_a6,"Oh, Mama's out yonder switchin' in the kitchen",Euphoria,The Holy Modal Rounders,USA,,,The String Band,USA;Minnesota;Minneapolis,2:35,29637,L72/1,A,6,L72/1-A6,Schweiz;Aargau;Lenzburg;Rittersaal,USA,02.07.1972,,Gesang;Geige;Gitarre;Zuberbass,The String Band;Folkfestival auf der Lenzburg,,,Lied (Musik+Text),Magnettonband,SVA_01M_001,SVA_01,SGV,,27.05.2020
SVA_01M_001_a7,"Well, they call it the mountain dew",Good Old Mountain Dew,Bascom Lamar Lunsford;Scotty Wiseman,,Scotty Wiseman,,The String Band,USA;Minnesota;Minneapolis,4:40,29638,L72/1,A,7,L72/1-A7,Schweiz;Aargau;Lenzburg;Rittersaal,,02.07.1972,1928,Sprecher;Gesang;Banjo;Gitarre;Zuberbass,The String Band;Folkfestival auf der Lenzburg,,,Lied (Musik+Text),Magnettonband,SVA_01M_001,SVA_01,SGV,,27.05.2020
SVA_01M_001_a8,,The Scholar,,,,,Troubadix,Schweiz;St. Gallen,1:35,,L72/1,A,8,L72/1-A8,Schweiz;Aargau;Lenzburg;Rittersaal,Irland,02.07.1972,,Fidel;Banjo;Gitarre,Troubadix;Samuel Forrer;Urs Klauser;Peter Maurer;Folkfestival auf der Lenzburg,,,Stück (nur Musik),Magnettonband,SVA_01M_001,SVA_01,SGV,,27.05.2020
SVA_01M_001_a9,"Many-a night, while you lay sleeping ",Pal Of Mine, Alvin Pleasant Carter,USA,Alvin Plaesant Carter,USA,Troubadix,Schweiz;St. Gallen,2:35,29639,L72/1,A,9,L72/1-A9,Schweiz;Aargau;Lenzburg;Rittersaal,USA,02.07.1972,1928,Gesang;Fidel;Banjo;Gitarre,Troubadix;Samuel Forrer;Urs Klauser;Peter Maurer;Folkfestival auf der Lenzburg,,,Lied (Musik+Text),Magnettonband,SVA_01M_001,SVA_01,SGV,,27.05.2020
SVA_01M_001_a10,"Oh, Mary was a maiden, when the bird began to sing",The River In The Pines (Mary Was A Maiden),,,,,Troubadix,Schweiz;St. Gallen,2:45,29640,L72/1,A,10,L72/1-A10,Schweiz;Aargau;Lenzburg;Rittersaal,USA,02.07.1972,,Gesang;Mandoline;Bassblockflöte,Troubadix;Samuel Forrer;Urs Klauser;Peter Maurer;Folkfestival auf der Lenzburg,,,Lied (Musik+Text),Magnettonband,SVA_01M_001,SVA_01,SGV,,27.05.2020
SVA_01M_001_a11,"Let the old folks out, young ones too",I'm A Rattlesnakin' Daddy ,Blind Boy Fuller,USA,Blind Boy Fuller,USA,Troubadix,Schweiz;St. Gallen,2:40,,L72/1,A,11,L72/1-A11,Schweiz;Aargau;Lenzburg;Rittersaal,USA,02.07.1972,1935,Gesang;Gitarre;Banjo;Fidel,Troubadix;Samuel Forrer;Urs Klauser;Peter Maurer;Folkfestival auf der Lenzburg,,,Lied (Musik+Text),Magnettonband,SVA_01M_001,SVA_01,SGV,,27.05.2020
SVA_01M_001_a12,"Maria, Maria",Maria,Aleš,CSSR;Schweiz;Zürich,Aleš,CSSR;Schweiz;Zürich,Aleš,CSSR;Schweiz;Zürich,3:10,29641,L72/1,A,12,L72/1-A12,Schweiz;Aargau;Lenzburg;Rittersaal,,02.07.1972,,Gitarre;Gesang,Aleš;Folkfestival auf der Lenzburg,,,Lied (Musik+Text),Magnettonband,SVA_01M_001,SVA_01,SGV,,27.05.2020
SVA_01M_001_a13,"Sag mir Teichrose, wie öffnet sich deine Seele",,Aleš,CSSR;Schweiz;Zürich,Aleš,CSSR;Schweiz;Zürich,Aleš;Lubos,CSSR;Schweiz;Zürich,9:10,29642,L72/1,A,13,L72/1-A13,Schweiz;Aargau;Lenzburg;Rittersaal,,02.07.1972,,Gesang;Sitar;Tabla;Fidel;Gitarre;Mundharmonika,Aleš;Lubos;Folkfestival auf der Lenzburg,,,Lied (Musik+Text),Magnettonband,SVA_01M_001,SVA_01,SGV,,27.05.2020
SVA_01M_001_a14,Walking on a road on a Sunday afternoon,Pronounciation,Aleš,CSSR;Schweiz;Zürich,Aleš,CSSR;Schweiz;Zürich,Aleš;Lubos,CSSR;Schweiz;Zürich,3:25,29643,L72/1,A,14,L72/1-A14,Schweiz;Aargau;Lenzburg;Rittersaal,,02.07.1972,,Gesang;Flöte;Gitarre,Aleš;Lubos;Folkfestival auf der Lenzburg,,,Lied (Musik+Text),Magnettonband,SVA_01M_001,SVA_01,SGV,,27.05.2020
SVA_01M_001_a15,"Got the worried blues, got no heart to cry",Worried Blues,Frank Hutchison,USA,Frank Hutchison,USA,Richard O'Brien,USA,2:55,29644,L72/1,A,15,L72/1-A15,Schweiz;Aargau;Lenzburg;Rittersaal,USA,02.07.1972,1927,Gesang;Autoharp,Richard O'Brien;Folkfestival auf der Lenzburg,,,Lied (Musik+Text),Magnettonband,SVA_01M_001,SVA_01,SGV,,27.05.2020
SVA_01M_001_a16,"Once I had a sweetheart, and now I have none",Once I Had A Sweetheart,,,,,Richard O'Brien,USA,2:55,29645,L72/1,A,16,L72/1-A16,Schweiz;Aargau;Lenzburg;Rittersaal,UK;England,02.07.1972,,Gesang;Autoharp,Richard O'Brien;Folkfestival auf der Lenzburg,,,Lied (Musik+Text),Magnettonband,SVA_01M_001,SVA_01,SGV,,27.05.2020
SVA_01M_001_a17,,,Richard O'Brien,,,,Richard O'Brien,USA,2:50,,L72/1,A,17,L72/1-A17,Schweiz;Aargau;Lenzburg;Rittersaal,,02.07.1972,,Autoharp,Richard O'Brien;Folkfestival auf der Lenzburg,,,Stück (nur Musik),Magnettonband,SVA_01M_001,SVA_01,SGV,,27.05.2020
SVA_01M_001_a18,,,Reverend Gary Davis,USA,,,Guy Drossaert,Zürich;Belgien,2:20,,L72/1,A,18,L72/1-A18,Schweiz;Aargau;Lenzburg;Rittersaal,USA,02.07.1972,,Gitarre,Guy Drossaert;Folkfestival auf der Lenzburg,,,Stück (nur Musik),Magnettonband,SVA_01M_001,SVA_01,SGV,,27.05.2020
SVA_01M_001_a19,,Ball The Jack,Elizabeth Cotton,USA,,,Guy Drossaert,Zürich;Belgien,1:30,,L72/1,A,19,L72/1-A19,Schweiz;Aargau;Lenzburg;Rittersaal,USA,02.07.1972,,Gitarre,Guy Drossaert;Folkfestival auf der Lenzburg,,,Stück (nur Musik),Magnettonband,SVA_01M_001,SVA_01,SGV,,27.05.2020
SVA_01M_001_a20,,,Elizabeth Cotton,USA,,,Guy Drossaert,Zürich;Belgien,1:20,,L72/1,A,20,L72/1-A20,Schweiz;Aargau;Lenzburg;Rittersaal,USA,02.07.1972,,Gitarre,Guy Drossaert;Folkfestival auf der Lenzburg,,,Stück (nur Musik),Magnettonband,SVA_01M_001,SVA_01,SGV,,27.05.2020
SVA_01M_001_a21,,Victory Rag,James Scott,USA,,,Richard O'Brien;Guy Drossaert,USA;Belgien,1:35,,L72/1,A,21,L72/1-A21,Schweiz;Aargau;Lenzburg;Rittersaal,USA,02.07.1972,1921,Autoharp;Kazoo;Gitarre,Richard O'Brien;Guy Drossaert;Folkfestival auf der Lenzburg,,,Stück (nur Musik),Magnettonband,SVA_01M_001,SVA_01,SGV,,27.05.2020
SVA_01M_001_a22,When Annie's lover was a big old man,Annie's Lover,Henry Saint Clair Fredericks,,Henry Saint Clair Fredericks,,Richard O'Brien,USA,3:25,29646,L72/1,A,22,L72/1-A22,Schweiz;Aargau;Lenzburg;Rittersaal,,02.07.1972,,Gesang;Autoharp;Kazoo,Richard O'Brien;Folkfestival auf der Lenzburg,,,Lied (Musik+Text),Magnettonband,SVA_01M_001,SVA_01,SGV,,27.05.2020
SVA_01M_001_a23,I had a little beetle,Alexander Beetle,Melanie Safka,USA,Melanie Safka,USA,Daniel Schmidt,Schweiz;Bern;Burgdorf,2:30,29647,L72/1,A,23,L72/1-A23,Schweiz;Aargau;Lenzburg;Rittersaal,USA,02.07.1972,,Gesang;Gitarre,Daniel Schmidt;Folkfestival auf der Lenzburg,,,Lied (Musik+Text),Magnettonband,SVA_01M_001,SVA_01,SGV,,27.05.2020
SVA_01M_001_a24,"All night long, dreaming badly",All Night Long,Tom Paxton,USA,Tom Paxton,USA,Daniel Schmidt,Schweiz;Bern;Burgdorf,2:25,29648,L72/1,A,24,L72/1-A24,Schweiz;Aargau;Lenzburg;Rittersaal,USA,02.07.1972,,Gesang;Gitarre,Daniel Schmidt;Folkfestival auf der Lenzburg,,,Lied (Musik+Text),Magnettonband,SVA_01M_001,SVA_01,SGV,,27.05.2020
SVA_01M_001_a25,"Well, I'm tired of seeing the picture",The Good Guys,Melanie Safka,USA,Melanie Safka,USA,Daniel Schmidt,Schweiz;Bern;Burgdorf,2:00,29649,L72/1,A,25,L72/1-A25,Schweiz;Aargau;Lenzburg;Rittersaal,USA,02.07.1972,,Gesang;Gitarre,Daniel Schmidt;Folkfestival auf der Lenzburg,,,Lied (Musik+Text),Magnettonband,SVA_01M_001,SVA_01,SGV,,27.05.2020
SVA_01M_001_a26,I asked my love to take a walk,The Banks Of The Ohio,,,,,Hopfe u Malz,Schweiz;Bern,3:10,29650,L72/1,A,26,L72/1-A26,Schweiz;Aargau;Lenzburg;Rittersaal,USA,02.07.1972,,Gesang;Gitarre,Hopfe u Malz;Folkfestival auf der Lenzburg,,,Lied (Musik+Text),Magnettonband,SVA_01M_001,SVA_01,SGV,,27.05.2020
SVA_01M_001_a27,Yellow is the colour of my true love's hair,Colours,Donovan Leitch,UK;Schottland,Donovan Leitch,UK;Schottland,Hopfe u Malz,Schweiz;Bern,2:40,29651,L72/1,A,27,L72/1-A27,Schweiz;Aargau;Lenzburg;Rittersaal,UK;Schottland,02.07.1972,,Gesang;Gitarre,Hopfe u Malz;Folkfestival auf der Lenzburg,,,Lied (Musik+Text),Magnettonband,SVA_01M_001,SVA_01,SGV,,27.05.2020
SVA_01M_001_a28,I lit a thin green candle,One Of Us Cannot Be Wrong,Leonard Cohen,Kanada,Leonard Cohen,Kanada,Hopfe u Malz,Schweiz;Bern,3:55,29652,L72/1,A,28,L72/1-A28,Schweiz;Aargau;Lenzburg;Rittersaal,Kanada,02.07.1972,,Gesang;Gitarre,Hopfe u Malz;Folkfestival auf der Lenzburg,,,Lied (Musik+Text),Magnettonband,SVA_01M_001,SVA_01,SGV,,27.05.2020
SVA_01M_001_a29,I want you,,Kurt Briefer,Schweiz;Basel-Stadt;Basel,Kurt Briefer,Schweiz;Basel-Stadt;Basel,Kurt Briefer,Schweiz;Basel-Stadt;Basel,3:05,29653,L72/1,A,29,L72/1-A29,Schweiz;Aargau;Lenzburg;Rittersaal,Schweiz;Basel-Stadt;Basel,02.07.1972,,Gesang;Gitarre;Mundharmonika,Kurt Briefer;Folkfestival auf der Lenzburg,,,Lied (Musik+Text),Magnettonband,SVA_01M_001,SVA_01,SGV,,27.05.2020
SVA_01M_001_a30,I'm longing you can broke my wing,,Kurt Briefer,Schweiz;Basel-Stadt;Basel,Kurt Briefer,Schweiz;Basel-Stadt;Basel,Kurt Briefer,Schweiz;Basel-Stadt;Basel,2:25,29654,L72/1,A,30,L72/1-A30,Schweiz;Aargau;Lenzburg;Rittersaal,Schweiz;Basel-Stadt;Basel,02.07.1972,,Gesang;Gitarre;Mundharmonika,Kurt Briefer;Folkfestival auf der Lenzburg,,,Lied (Musik+Text),Magnettonband,SVA_01M_001,SVA_01,SGV,,27.05.2020
SVA_01M_001_a31,"I keep you my window, I'm longing, my friend",,Kurt Briefer,Schweiz;Basel-Stadt;Basel,Kurt Briefer,Schweiz;Basel-Stadt;Basel,Kurt Briefer,Schweiz;Basel-Stadt;Basel,4:10,29655,L72/1,A,31,L72/1-A31,Schweiz;Aargau;Lenzburg;Rittersaal,Schweiz;Basel-Stadt;Basel,02.07.1972,,Gesang;Gitarre;Mundharmonika,Kurt Briefer;Folkfestival auf der Lenzburg,,,Lied (Musik+Text),Magnettonband,SVA_01M_001,SVA_01,SGV,,27.05.2020
SVA_01M_001_a32,"Oxford Town, Oxford Town",Oxford Town,Bob Dylan,USA,Bob Dylan,USA,Kurt Briefer,Schweiz;Basel-Stadt;Basel,1:55,29656,L72/1,A,32,L72/1-A32,Schweiz;Aargau;Lenzburg;Rittersaal,USA,02.07.1972,,Gesang;Gitarre;Mundharmonika,Kurt Briefer;Folkfestival auf der Lenzburg,,,Lied (Musik+Text),Magnettonband,SVA_01M_001,SVA_01,SGV,,27.05.2020
SVA_01M_001_a33,"Lord, I cried the day when I went blind",It's Hard To Be Blind,Gary Davis,USA,"Gary Davis, Bob Dylan",USA,Kurt Briefer,Schweiz;Basel-Stadt;Basel,2:50,29657,L72/1,A,33,L72/1-A33,Schweiz;Aargau;Lenzburg;Rittersaal,USA,02.07.1972,,Gesang;Gitarre;Mundharmonika,Kurt Briefer;Folkfestival auf der Lenzburg,,,Lied (Musik+Text),Magnettonband,SVA_01M_001,SVA_01,SGV,,27.05.2020
SVA_01M_001_a34,We're saling down the river from Liverpool,Santianna,,,,,Silvio Ballinari;Ueli Gubler,Schweiz;Bern;Köniz,3:00,29658,L72/1,A,34,L72/1-A34,Schweiz;Aargau;Lenzburg;Rittersaal,USA,02.07.1972,1850,Gesang;Gitarre,Silvio Ballinari;Ueli Gubler;Folkfestival auf der Lenzburg,,,Lied (Musik+Text),Magnettonband,SVA_01M_001,SVA_01,SGV,,27.05.2020
SVA_01M_001_a35,To synnefo efere vrohi,Ximeroni,,,,,Silvio Ballinari;Ueli Gubler,Schweiz;Bern;Köniz,2:05,29659,L72/1,A,35,L72/1-A35,Schweiz;Aargau;Lenzburg;Rittersaal,Griechenland,02.07.1972,,Gesang;Gitarre,Silvio Ballinari;Ueli Gubler;Folkfestival auf der Lenzburg,,,Lied (Musik+Text),Magnettonband,SVA_01M_001,SVA_01,SGV,,27.05.2020
SVA_01M_001_a36,Go for ride a car-car,Car Car Song,Woody Guthrie,USA,Woody Guthrie,USA,Silvio Ballinari;Ueli Gubler,Schweiz;Bern;Köniz,2:10,29660,L72/1,A,36,L72/1-A36,Schweiz;Aargau;Lenzburg;Rittersaal,USA,02.07.1972,,Gesang;Gitarre;Kazoo,Silvio Ballinari;Ueli Gubler;Folkfestival auf der Lenzburg,,,Lied (Musik+Text),Magnettonband,SVA_01M_001,SVA_01,SGV,,27.05.2020
SVA_01M_001_a37,Last night I had the strangest dream,Strangest Dream,Ed McCurdy,USA,Ed McCurdy,,Silvio Ballinari;Ueli Gubler,Schweiz;Bern;Köniz,1:30,29661,L72/1,A,37,L72/1-A37,Schweiz;Aargau;Lenzburg;Rittersaal,USA,02.07.1972,,Gesang;Gitarre,Silvio Ballinari;Ueli Gubler;Folkfestival auf der Lenzburg,,,Lied (Musik+Text),Magnettonband,SVA_01M_001,SVA_01,SGV,,27.05.2020
SVA_01M_001_a38,"Pease mio, che stai sulla colina",Che sarà,Jimmy Fontana,Italien,"Franco Migliaci, Carlos Pes",Italien,Silvio Ballinari,Schweiz;Bern,3:00,29662,L72/1,A,38,L72/1-A38,Schweiz;Aargau;Lenzburg;Rittersaal,Italien,02.07.1972,1971,Gesang;Gitarre,Silvio Ballinari;Folkfestival auf der Lenzburg,,,Lied (Musik+Text),Magnettonband,SVA_01M_001,SVA_01,SGV,,27.05.2020
SVA_01M_001_b1,Para bailar La Bamba,La Bamba,,,,,Silvio Ballinari;Ueli Gubler,Schweiz;Bern;Köniz,2:55,29663,L72/1,B,1,L72/1-B1,Schweiz;Aargau;Lenzburg;Rittersaal,Mexiko,02.07.1972,,Gesang;Gitarre,Silvio Ballinari;Ueli Gubler;Folkfestival auf der Lenzburg,,,Lied (Musik+Text),Magnettonband,SVA_01M_001,SVA_01,SGV,,27.05.2020
SVA_01M_001_b2,I like to swim in my water,Swimmy Swim,Woody Guthrie,USA,Woody Guthrie,USA,Silvio Ballinari;Ueli Gubler,Schweiz;Bern;Köniz,2:35,29664,L72/1,B,2,L72/1-B2,Schweiz;Aargau;Lenzburg;Rittersaal,USA,02.07.1972,,Gesang;Gitarre,Silvio Ballinari;Ueli Gubler;Folkfestival auf der Lenzburg,,,Lied (Musik+Text),Magnettonband,SVA_01M_001,SVA_01,SGV,,27.05.2020
SVA_01M_001_b3,"Railroad Bill, Railroad Bill, he never worked",Railroad Bill,,,,,Roland Zbinde;René Haueter,Schweiz;Bern,2:15,29665,L72/1,B,3,L72/1-B3,Schweiz;Aargau;Lenzburg;Rittersaal,USA,02.07.1972,,Gesang;Gitarre,Roland Zbinden;René Haueter;Folkfestival auf der Lenzburg,,,Lied (Musik+Text),Magnettonband,SVA_01M_001,SVA_01,SGV,,27.05.2020
SVA_01M_001_b4,"I'm satisfied and tickled, too",I'm Satisfied,Mississippi John Hurt,USA,John Hurt,USA,Roland Zbinde;René Haueter,Schweiz;Bern,2:30,29666,L72/1,B,4,L72/1-B4,Schweiz;Aargau;Lenzburg;Rittersaal,USA,02.07.1972,,Gesang;Gitarre,Roland Zbinden;René Haueter;Folkfestival auf der Lenzburg,,,Lied (Musik+Text),Magnettonband,SVA_01M_001,SVA_01,SGV,,27.05.2020
SVA_01M_001_b5,Susan takes you down to the river,Susan,Leonard Cohen,Kanada,Leonard Cohen,Kanada,René Haueter,Schweiz;Bern,4:05,29667,L72/1,B,5,L72/1-B5,Schweiz;Aargau;Lenzburg;Rittersaal,Kanada,02.07.1972,,Gesang;Gitarre,René Haueter;Folkfestival auf der Lenzburg,,,Lied (Musik+Text),Magnettonband,SVA_01M_001,SVA_01,SGV,,27.05.2020
SVA_01M_001_b6,"I cannot follow you, my love",You Know Who I Am,Leonard Cohen,Kanada,Leonard Cohen,Kanada,René Haueter,Schweiz;Bern,2:45,29668,L72/1,B,6,L72/1-B6,Schweiz;Aargau;Lenzburg;Rittersaal,Kanada,02.07.1972,,Gesang;Gitarre,René Haueter;Folkfestival auf der Lenzburg,,,Lied (Musik+Text),Magnettonband,SVA_01M_001,SVA_01,SGV,,27.05.2020
SVA_01M_001_b7,Frankie and Johnny were lovers,Frankie and Johnny,Hughie Cannon,USA,Hughie Cannon,USA,René Haueter,Schweiz;Bern,3:05,29669,L72/1,B,7,L72/1-B7,Schweiz;Aargau;Lenzburg;Rittersaal,USA,02.07.1972,,Gesang;Gitarre,René Haueter;Folkfestival auf der Lenzburg,,,Lied (Musik+Text),Magnettonband,SVA_01M_001,SVA_01,SGV,,27.05.2020
SVA_01M_001_b8,On a wagon bound for market,Dona Dona,Sholom Secunda,,Aaron Zeitlin,,René Haueter,Schweiz;Bern,4:05,29670,L72/1,B,8,L72/1-B8,Schweiz;Aargau;Lenzburg;Rittersaal,,02.07.1972,1940,Gesang;Gitarre,René Haueter;Folkfestival auf der Lenzburg,,,Lied (Musik+Text),Magnettonband,SVA_01M_001,SVA_01,SGV,,27.05.2020
SVA_01M_001_b9,"Many-a night, while you lay sleeping",(Little Darling) Pal Of Mine,Alvin Pleasant Carter,,Alvin Pleasant Carter,USA,George Tempest,UK;Schweiz;Zürich;Obfelden,2:00,,L72/1,B,9,L72/1-B9,Schweiz;Aargau;Lenzburg;Rittersaal,USA,02.07.1972,,Gesang;Chor;Banjo;Gitarre,George Tempest;Folkfestival auf der Lenzburg,,,Lied (Musik+Text),Magnettonband,SVA_01M_001,SVA_01,SGV,,27.05.2020
SVA_01M_001_b10,,Cruel Sister,,,,,George Tempest,UK;Schweiz;Zürich;Obfelden,1:40,,L72/1,B,10,L72/1-B10,Schweiz;Aargau;Lenzburg;Rittersaal,UK;England,02.07.1972,,Gesang;Gitarre;Mandoline;Flöte,George Tempest;Folkfestival auf der Lenzburg,,,Lied (Musik+Text),Magnettonband,SVA_01M_001,SVA_01,SGV,,27.05.2020
SVA_01M_001_b11,"In the town of Springhill, Nova Scotia",Springhill Mining Disaster,Peggy Seeger;Ewan MacColl,,"Peggy Seeger, Ewan MacColl",,George Tempest,UK;Schweiz;Zürich;Obfelden,2:30,29671,L72/1,B,11,L72/1-B11,Schweiz;Aargau;Lenzburg;Rittersaal,,02.07.1972,,Gitarre;Gitarre;Mandoline,George Tempest;Folkfestival auf der Lenzburg,,,Lied (Musik+Text),Magnettonband,SVA_01M_001,SVA_01,SGV,,27.05.2020
SVA_01M_001_b12,A's for the anchor that lies at our bow,Sailors Alphabet,,,,,George Tempest,UK;Schweiz;Zürich;Obfelden,3:35,29672,L72/1,B,12,L72/1-B12,Schweiz;Aargau;Lenzburg;Rittersaal,UK;England;Norfolk,02.07.1972,,Gesang;Chor;Gitarre;Mandoline,George Tempest;Folkfestival auf der Lenzburg,,,Lied (Musik+Text),Magnettonband,SVA_01M_001,SVA_01,SGV,,27.05.2020
SVA_01M_001_b13,Gotta do something else than sitting around,Dance With Me,Maria Kägi,,Maria Kägi,,Maria Kägi;Fredy Rahm,Schweiz;Zürich;Wettingen,3:45,29673,L72/1,B,13,L72/1-B13,Schweiz;Aargau;Lenzburg;Rittersaal,,02.07.1972,,Gesang;Gitarre,Maria Kägi;Fredy Rahm;Folkfestival auf der Lenzburg,,,Lied (Musik+Text),Magnettonband,SVA_01M_001,SVA_01,SGV,,27.05.2020
SVA_01M_001_b14,I've been on a trip last night,The Trip,Maria Kägi,,Maria Kägi,,Maria Kägi; Fredy Rahm,Schweiz;Zürich;Wettingen,4:30,29674,L72/1,B,14,L72/1-B14,Schweiz;Aargau;Lenzburg;Rittersaal,,02.07.1972,,Gesang;Gitarre,Maria Kägi;Fredy Rahm;Folkfestival auf der Lenzburg,,,Lied (Musik+Text),Magnettonband,SVA_01M_001,SVA_01,SGV,,27.05.2020
SVA_01M_001_b15,We're going back to a mystic land,Mystic Land,Maria Kägi,,Maria Kägi,,Maria Kägi;Fredy Rahm,Schweiz;Zürich;Wettingen,3:25,29675,L72/1,B,15,L72/1-B15,Schweiz;Aargau;Lenzburg;Rittersaal,,02.07.1972,,Gesang;Gitarre,Maria Kägi;Fredy Rahm;Folkfestival auf der Lenzburg,,,Lied (Musik+Text),Magnettonband,SVA_01M_001,SVA_01,SGV,,27.05.2020
SVA_01M_001_b16,"Well, in 1914 we did a little trip",Battle Of New Orleans,Jimmy Driftwood,USA,Jimmy Driftwood,USA,"Perry, Hans und Peter",Schweiz;Zürich,2:40,29676,L72/1,B,16,L72/1-B16,Schweiz;Aargau;Lenzburg;Rittersaal,USA,02.07.1972,1959,Gesang;Gitarre,"Perry, Hans und Peter;Folkfestival auf der Lenzburg",,,Lied (Musik+Text),Magnettonband,SVA_01M_001,SVA_01,SGV,,27.05.2020
SVA_01M_001_b17,Ag pleeze Deddy won't you take us to the drive-in,Ag Pleeze Deddy,Jeremy Taylor,Südafrika,Jeremy Taylor,Südafrika,"Perry, Hans und Peter",Schweiz;Zürich,2:50,29677,L72/1,B,17,L72/1-B17,Schweiz;Aargau;Lenzburg;Rittersaal,Südafrika,02.07.1972,1961,Gesang;Gitarre,"Perry, Hans und Peter;Folkfestival auf der Lenzburg",,,Lied (Musik+Text),Magnettonband,SVA_01M_001,SVA_01,SGV,,27.05.2020
SVA_01M_001_b18,"Well, early one evening I was rolling around",Bad Man's Blunder,Cisco Houston,USA,"Lee Hays, Cisco Houston",USA,"Perry, Hans und Peter",Schweiz;Zürich,2:50,29678,L72/1,B,18,L72/1-B18,Schweiz;Aargau;Lenzburg;Rittersaal,USA,02.07.1972,,Gesang;Gitarre,"Perry, Hans und Peter;Folkfestival auf der Lenzburg",,,Lied (Musik+Text),Magnettonband,SVA_01M_001,SVA_01,SGV,,27.05.2020
SVA_01M_001_b19,Have you heard about a big strong man,My Brother Silveste (Big Strong Man),,,,,"Perry, Hans und Peter",Schweiz;Zürich,2:35,29679,L72/1,B,19,L72/1-B19,Schweiz;Aargau;Lenzburg;Rittersaal,,02.07.1972,,Gesang;Gitarre,"Perry, Hans und Peter;Folkfestival auf der Lenzburg",,,Lied (Musik+Text),Magnettonband,SVA_01M_001,SVA_01,SGV,,27.05.2020
SVA_01M_001_b20,"Tell me ma, when I go home",Tell Me Ma,,,,,Fullhouse,Schweiz;Basel-Stadt;Basel,1:55,29680,L72/1,B,20,L72/1-B20,Schweiz;Aargau;Lenzburg;Rittersaal,Irland,02.07.1972,,Gesang;Geige;Mandoline;Gitarre,Fullhouse;Christoph Jäggi;Monika Hilibrand;Hansueli Messmer;Folkfestival auf der Lenzburg,,,Lied (Musik+Text),Magnettonband,SVA_01M_001,SVA_01,SGV,,27.05.2020
SVA_01M_001_b21,We shepherds are the bravest boys,The Dorset Sherpherd's Song,,,,,Fullhouse,Schweiz;Basel-Stadt;Basel,2:40,29681,L72/1,B,21,L72/1-B21,Schweiz;Aargau;Lenzburg;Rittersaal,UK;England,02.07.1972,,Gesang;Geige;Mandoline;Gitarre,Fullhouse;Christoph Jäggi;Monika Hilibrand;Hansueli Messmer;Folkfestival auf der Lenzburg,,,Lied (Musik+Text),Magnettonband,SVA_01M_001,SVA_01,SGV,,27.05.2020
SVA_01M_001_b22,"When I was a little lad, my mother always told me","Haul Away, Joe",,,,,Fullhouse,Schweiz;Basel-Stadt;Basel,1:15,29682,L72/1,B,22,L72/1-B22,Schweiz;Aargau;Lenzburg;Rittersaal,,02.07.1972,,Gesang;Chor,Fullhouse;Christoph Jäggi;Monika Hilibrand;Hansueli Messmer;Folkfestival auf der Lenzburg,,,Lied (Musik+Text),Magnettonband,SVA_01M_001,SVA_01,SGV,,27.05.2020
SVA_01M_001_b23,In 1841 the corduroy breeches I put on,(Poor) Paddy Works On The Railway,,,,,Fullhouse,Schweiz;Basel-Stadt;Basel,1:20,29683,L72/1,B,23,L72/1-B23,Schweiz;Aargau;Lenzburg;Rittersaal,Irland,02.07.1972,,Gesang;Gitarre;Perkussion,Fullhouse;Christoph Jäggi;Monika Hilibrand;Hansueli Messmer;Folkfestival auf der Lenzburg,,,Lied (Musik+Text),Magnettonband,SVA_01M_001,SVA_01,SGV,,27.05.2020
SVA_01M_001_b24,Sonntags in der kleinen Stadt,Deutscher Sonntag,Franz Josef Degenhardt,Bundesrepublik Deutschland,Franz Josef Degenhardt,Bundesrepublik Deutschland,Gabriel,Schweiz;Zürich,3:45,29684,L72/1,B,24,L72/1-B24,Schweiz;Aargau;Lenzburg;Rittersaal,Bundesrepublik Deutschland,02.07.1972,,Gesang;Gitarre,Gabriel;Folkfestival auf der Lenzburg,,,Lied (Musik+Text),Magnettonband,SVA_01M_001,SVA_01,SGV,,27.05.2020
SVA_01M_001_b25,Du wirst umgeleitet von der grossen Strasse,Umleitung,Franz Josef Degenhardt,Bundesrepublik Deutschland,Franz Josef Degenhardt,Bundesrepublik Deutschland,Gabriel,Schweiz;Zürich,4:10,29685,L72/1,B,25,L72/1-B25,Schweiz;Aargau;Lenzburg;Rittersaal,Bundesrepublik Deutschland,02.07.1972,,Gesang;Gitarre,Gabriel;Folkfestival auf der Lenzburg,,,Lied (Musik+Text),Magnettonband,SVA_01M_001,SVA_01,SGV,,27.05.2020
SVA_01M_001_b26,Das ist die Ballade von Fredi Rossmeisl,Ballade vom Drainageleger Fredi Rossmeisl,Wolf Biermann,Deutsche Demokratische Republik,Wolf Biermann,Deutsche Demokratische Republik,Gabriel,Schweiz;Zürich,3:30,29686,L72/1,B,26,L72/1-B26,Schweiz;Aargau;Lenzburg;Rittersaal,Deutsche Demokratische Republik,02.07.1972,,Gesang;Gitarre,Gabriel;Folkfestival auf der Lenzburg,,,Lied (Musik+Text),Magnettonband,SVA_01M_001,SVA_01,SGV,,27.05.2020
SVA_01M_001_b27,"Bad news, bad news came to me where I sleep",Percy's Song,Bob Dylan,USA,Bob Dylan,USA,Gabriel,Schweiz;Zürich,6:00,29687,L72/1,B,27,L72/1-B27,Schweiz;Aargau;Lenzburg;Rittersaal,USA,02.07.1972,,Gesang;Gitarre,Gabriel;Folkfestival auf der Lenzburg,,,Lied (Musik+Text),Magnettonband,SVA_01M_001,SVA_01,SGV,,27.05.2020
SVA_01M_001_b28,Please don't talk about my baby,Please Don't Talk Talk About My Baby,Chlöisu Friedli,Schweiz;Bern,Chlöisu Friedli,Schweiz;Bern,Chlöisu Friedli,Schweiz;Bern,1:50,29688,L72/1,B,28,L72/1-B28,Schweiz;Aargau;Lenzburg;Rittersaal,Schweiz;Bern,02.07.1972,,Gesang;Piano,Chlöisu Friedli;Folkfestival auf der Lenzburg,,,Lied (Musik+Text),Magnettonband,SVA_01M_001,SVA_01,SGV,,27.05.2020
SVA_01M_001_b29,,Piano Boogie Woogie,,,,,Chlöisu Friedli,Schweiz;Bern,1:45,,L72/1,B,29,L72/1-B29,Schweiz;Aargau;Lenzburg;Rittersaal,,02.07.1972,,Piano,Chlöisu Friedli;Folkfestival auf der Lenzburg,,,Stück (nur Musik),Magnettonband,SVA_01M_001,SVA_01,SGV,,27.05.2020
SVA_01M_001_b30,My name's Lizzie from New Orleans,Salty Dog,Charlie Jackson,USA,"Charlie Jackson, Lizzie Miles",USA,Chlöisu Friedli,Schweiz;Bern,1:50,29689,L72/1,B,30,L72/1-B30,Schweiz;Aargau;Lenzburg;Rittersaal,USA,02.07.1972,1924,Piano;Gesang,Chlöisu Friedli;Folkfestival auf der Lenzburg,,,Lied (Musik+Text),Magnettonband,SVA_01M_001,SVA_01,SGV,,27.05.2020
SVA_01M_001_b31,,,Jimmy Yancey,USA,,,Chlöisu Friedli,Schweiz;Bern,1:30,,L72/1,B,31,L72/1-B31,Schweiz;Aargau;Lenzburg;Rittersaal,USA;Illinois;Chicago,02.07.1972,,Piano,Chlöisu Friedli;Folkfestival auf der Lenzburg,,,Stück (nur Musik),Magnettonband,SVA_01M_001,SVA_01,SGV,,27.05.2020
SVA_01M_001_b32,Ask your daddy,Ask Your Daddy,Chlöisu Friedli,"Schweiz,Bern",Chlöisu Friedli,Schweiz;Bern,Chlöisu Friedli,Schweiz;Bern,2:30,29690,L72/1,B,32,L72/1-B32,Schweiz;Aargau;Lenzburg;Rittersaal,Schweiz;Bern,02.07.1972,,Piano;Gesang,Chlöisu Friedli;Folkfestival auf der Lenzburg,,,Lied (Musik+Text),Magnettonband,SVA_01M_001,SVA_01,SGV,,27.05.2020
SVA_01M_001_b33,,,Jimmy Yancey,USA,,,Chlöisu Friedli,Schweiz;Bern,2:30,,L72/1,B,33,L72/1-B33,Schweiz;Aargau;Lenzburg;Rittersaal,USA;Illinois;Chicago,02.07.1972,,Piano,Chlöisu Friedli;Folkfestival auf der Lenzburg,,,Stück (nur Musik),Magnettonband,SVA_01M_001,SVA_01,SGV,,27.05.2020
SVA_01M_001_b34,Uf em Tisch en alte Schueh,Di Vermissti,Urs Hostettler,"Schweiz,Bern",Urs Hostettler,Schweiz;Bern,Urs Hostettler,Schweiz;Bern,4:55,29691,L72/1,B,34,L72/1-B34,Schweiz;Aargau;Lenzburg;Rittersaal,Schweiz;Bern,02.07.1972,,Gitarre;Gesang,Urs Hostettler;Folkfestival auf der Lenzburg,,,Lied (Musik+Text),Magnettonband,SVA_01M_001,SVA_01,SGV,,27.05.2020
SVA_01M_001_b35,So hesch du d Janis Joplin ghört,A ne Flüchtling,Urs Hostettler,"Schweiz,Bern",Urs Hostettler,Schweiz;Bern,Urs Hostettler,Schweiz;Bern,2:55,29692,L72/1,B,35,L72/1-B35,Schweiz;Aargau;Lenzburg;Rittersaal,Schweiz;Bern,02.07.1972,,Gitarre;Gesang,Urs Hostettler;Folkfestival auf der Lenzburg,,,Lied (Musik+Text),Magnettonband,SVA_01M_001,SVA_01,SGV,,27.05.2020
SVA_01M_001_b36,Wo d Chuze znacht no hüle,D Outobahn,Urs Hostettler,"Schweiz,Bern",Urs Hostettler,Schweiz;Bern,Urs Hostettler,Schweiz;Bern,1:55,29693,L72/1,B,36,L72/1-B36,Schweiz;Aargau;Lenzburg;Rittersaal,Schweiz;Bern,02.07.1972,,Gitarre;Gesang,Urs Hostettler;Folkfestival auf der Lenzburg,,,Lied (Musik+Text),Magnettonband,SVA_01M_001,SVA_01,SGV,,27.05.2020
SVA_01M_001_b37,I ha di fautsche Lieder gsunge,Dys Lied,Urs Hostettler,"Schweiz,Bern",Urs Hostettler,Schweiz;Bern,Urs Hostettler,Schweiz;Bern,1:05,29694,L72/1,B,37,L72/1-B37,Schweiz;Aargau;Lenzburg;Rittersaal,Schweiz;Bern,02.07.1972,,Gitarre;Gesang,Urs Hostettler;Folkfestival auf der Lenzburg,,,Lied (Musik+Text),Magnettonband,SVA_01M_001,SVA_01,SGV,,27.05.2020
SVA_01M_001_b38,"Chlyni Truckli, dert im Grüene",Chlyni Truckli,Malvina Reynolds,USA,"Malvina Reynolds, Adrian Linder",USA,Urs Hostettler,Schweiz;Bern,1:50,29695,L72/1,B,38,L72/1-B38,Schweiz;Aargau;Lenzburg;Rittersaal,USA,02.07.1972,,Gitarre;Gesang,Urs Hostettler;Folkfestival auf der Lenzburg,,Übersetzung aus dem Englischen ins Berndeutsche,Lied (Musik+Text),Magnettonband,SVA_01M_001,SVA_01,SGV,,27.05.2020
SVA_01M_001_b39,"Gang hol d Gitarre, syg's a neui oder es alts Schyt",Länzburg-Lied,Urs Hostettler,"Schweiz,Bern",Urs Hostettler,Schweiz;Bern,Urs Hostettler,Schweiz;Bern,2:25,29696,L72/1,B,39,L72/1-B39,Schweiz;Aargau;Lenzburg;Rittersaal,Schweiz;Bern,02.07.1972,,Gitarre;Gesang,Urs Hostettler;Folkfestival auf der Lenzburg,,,Lied (Musik+Text),Magnettonband,SVA_01M_001,SVA_01,SGV,,27.05.2020
SVA_01M_001_b40,,Daybreak In Dixie,Bill Napier,USA,,,15 Strings Band;Hervé de Sainte Foy,Frankreich;Paris,2:15,,L72/1,B,40,L72/1-B40,Schweiz;Aargau;Lenzburg;Rittersaal,USA,02.07.1972,,Mandoline;Banjo;Gitarre,15 Strings Band;Hervé de Sainte Foy;Folkfestival auf der Lenzburg,,,Stück (nur Musik),Magnettonband,SVA_01M_001,SVA_01,SGV,,27.05.2020
SVA_01M_002_a1,She walks through the corn leading down to the river,Fox On The Run,Bob Dylan,USA,Bob Dylan,USA,15 Strings Band;Hervé de Sainte Foy,Frankreich;Paris,2:30,29697,L72/2,A,1,L72/2-A1,Schweiz;Aargau;Lenzburg;Rittersaal,USA,02.07.1972,,Gesang;Mandoline;Banjo;Gitarre,15 Strings Band;Hervé de Sainte Foy;Folkfestival auf der Lenzburg,,,Lied (Musik+Text),Magnettonband,SVA_01M_002,SVA_01,SGV,,27.05.2020
SVA_01M_002_a2,,,Bill Monroe,USA,,,15 Strings Band;Hervé de Sainte Foy,Frankreich;Paris,2:40,,L72/2,A,2,L72/2-A2,Schweiz;Aargau;Lenzburg;Rittersaal,USA,02.07.1972,,Mandoline;Banjo;Gitarre,15 Strings Band;Hervé de Sainte Foy;Folkfestival auf der Lenzburg,,,Stück (nur Musik),Magnettonband,SVA_01M_002,SVA_01,SGV,,27.05.2020
SVA_01M_002_a3,I've been havin' some hard travellin',Hard Travellin',Woody Guthrie,USA,Woody Guthrie,USA,Martin Diem,Schweiz;Bern,2:00,29698,L72/2,A,3,L72/2-A3,Schweiz;Aargau;Lenzburg;Rittersaal,USA,02.07.1972,,Gitarre;Gesang,Martin Diem;Folkfestival auf der Lenzburg,,,Lied (Musik+Text),Magnettonband,SVA_01M_002,SVA_01,SGV,,27.05.2020
SVA_01M_002_a4,"It's a lesson, too late for the learning",The Last Thing On My Mind,Tom Paxton,USA,Tom Paxton,USA,Martin Diem,Schweiz;Bern,3:10,29699,L72/2,A,4,L72/2-A4,Schweiz;Aargau;Lenzburg;Rittersaal,USA,02.07.1972,,Gitarre;Gesang,Martin Diem;Folkfestival auf der Lenzburg,,,Lied (Musik+Text),Magnettonband,SVA_01M_002,SVA_01,SGV,,27.05.2020
SVA_01M_002_a5,They've covered the city with a dome,Living In The Future In A Plastic Dome,Country Joe McDonald,USA,Country Joe McDonald,USA,Martin Diem,Schweiz;Bern,1:50,29700,L72/2,A,5,L72/2-A5,Schweiz;Aargau;Lenzburg;Rittersaal,USA,02.07.1972,,Gitarre;Gesang,Martin Diem;Folkfestival auf der Lenzburg,,,Lied (Musik+Text),Magnettonband,SVA_01M_002,SVA_01,SGV,,27.05.2020
SVA_01M_002_a6,,Doc's Guitar,Doc Watson,USA,,,Martin Diem,Schweiz;Bern,1:15,,L72/2,A,6,L72/2-A6,Schweiz;Aargau;Lenzburg;Rittersaal,USA,02.07.1972,,Gitarre,Martin Diem;Folkfestival auf der Lenzburg,,,Stück (nur Musik),Magnettonband,SVA_01M_002,SVA_01,SGV,,27.05.2020
SVA_01M_002_a7,"Walked up State Street, turned down Main",Cocaine,,,,,Martin Diem,Schweiz;Bern,2:20,29701,L72/2,A,7,L72/2-A7,Schweiz;Aargau;Lenzburg;Rittersaal,USA,02.07.1972,,Gitarre;Gesang,Martin Diem;Folkfestival auf der Lenzburg,,,Lied (Musik+Text),Magnettonband,SVA_01M_002,SVA_01,SGV,,27.05.2020
SVA_01M_002_a8,,Fiddlers Convention,,,,,Country Ramblers,Schweiz;Zürich,2:20,,L72/2,A,8,L72/2-A8,Schweiz;Aargau;Lenzburg;Rittersaal,,02.07.1972,,Banjo;Geige;Mandoline;Gitarre;Bass,Country Ramblers;Roland Ambühl;Urs von Arx;Tom Matojewsky;Erwin Bucher;Daniel Perret;Folkfestival auf der Lenzburg,,,Stück (nur Musik),Magnettonband,SVA_01M_002,SVA_01,SGV,,27.05.2020
SVA_01M_002_a9,,Dallas Rag,,,,,Country Ramblers,Schweiz;Zürich,2:05,,L72/2,A,9,L72/2-A9,Schweiz;Aargau;Lenzburg;Rittersaal,USA,02.07.1972,,Banjo;Maultrommel;Mandoline;Gitarre;Bass,Country Ramblers;Roland Ambühl;Urs von Arx;Tom Matojewsky;Erwin Bucher;Daniel Perret;Folkfestival auf der Lenzburg,,,Stück (nur Musik),Magnettonband,SVA_01M_002,SVA_01,SGV,,27.05.2020
SVA_01M_002_a10,,Stoney's Waltz,Ernest Stoneman,USA,,,Country Ramblers,Schweiz;Zürich,1:50,,L72/2,A,10,L72/2-A10,Schweiz;Aargau;Lenzburg;Rittersaal,USA,02.07.1972,,Autoharp;Gitarre;Bass,Country Ramblers;Roland Ambühl;Urs von Arx;Tom Matojewsky;Erwin Bucher;Daniel Perret;Folkfestival auf der Lenzburg,,,Stück (nur Musik),Magnettonband,SVA_01M_002,SVA_01,SGV,,27.05.2020
SVA_01M_002_a11,,Blandew Special,,,,,Country Ramblers,Schweiz;Zürich,2:00,,L72/2,A,11,L72/2-A11,Schweiz;Aargau;Lenzburg;Rittersaal,USA,02.07.1972,,Banjo;Mandoline;Gitarre;Bass;Mundharmonika,Country Ramblers;Roland Ambühl;Urs von Arx;Tom Matojewsky;Erwin Bucher;Daniel Perret;Folkfestival auf der Lenzburg,,,Stück (nur Musik),Magnettonband,SVA_01M_002,SVA_01,SGV,,27.05.2020
SVA_01M_002_a12,,Beaumont Rag,,,,,Country Ramblers,Schweiz;Zürich,1:25,,L72/2,A,12,L72/2-A12,Schweiz;Aargau;Lenzburg;Rittersaal,USA,02.07.1972,,Gitarre;Bass,Country Ramblers;Roland Ambühl;Urs von Arx;Tom Matojewsky;Erwin Bucher;Daniel Perret;Folkfestival auf der Lenzburg,,,Stück (nur Musik),Magnettonband,SVA_01M_002,SVA_01,SGV,,27.05.2020
SVA_01M_002_a13,"Train is a-coming, coming down the railroad line",Orange Blossom Special,,,,,Country Ramblers,Schweiz;Zürich,3:35,29702,L72/2,A,13,L72/2-A13,Schweiz;Aargau;Lenzburg;Rittersaal,USA,02.07.1972,,Banjo;Geige;Mandoline;Gitarre,Country Ramblers;Roland Ambühl;Urs von Arx;Tom Matojewsky;Erwin Bucher;Daniel Perret;Folkfestival auf der Lenzburg,,,Lied (Musik+Text),Magnettonband,SVA_01M_002,SVA_01,SGV,,27.05.2020
SVA_01M_002_a14,I wish I was in London or some other seaport town,Handsome Molly,,,,,Country Ramblers,Schweiz;Zürich,2:10,29703,L72/2,A,14,L72/2-A14,Schweiz;Aargau;Lenzburg;Rittersaal,,02.07.1972,,Banjo;Geige;Mandoline;Gitarre;Bass,Country Ramblers;Roland Ambühl;Urs von Arx;Tom Matojewsky;Erwin Bucher;Daniel Perret;Folkfestival auf der Lenzburg,,,Lied (Musik+Text),Magnettonband,SVA_01M_002,SVA_01,SGV,,27.05.2020
SVA_01M_002_a15,Cuckoo sings a song of springtime,,,,,,Kathryn Gurewitsch;Matthew Gurewitsch,USA;Schweiz;Zürich,2:00,29704,L72/2,A,15,L72/2-A15,Schweiz;Aargau;Lenzburg;Rittersaal,,02.07.1972,,Gesang;Gitarre,Kathryn Gurewitsch;Matthew Gurewitsch;Folkfestival auf der Lenzburg,,,Lied (Musik+Text),Magnettonband,SVA_01M_002,SVA_01,SGV,,27.05.2020
SVA_01M_002_a16,If your memory serves you well,Wheels On Fire,Bob Dylan,USA,Bob Dylan,USA,Kathryn Gurewitsch;Matthew Gurewitsch,USA;Schweiz;Zürich,3:00,29705,L72/2,A,16,L72/2-A16,Schweiz;Aargau;Lenzburg;Rittersaal,USA,02.07.1972,,Gesang;Gitarre,Kathryn Gurewitsch;Matthew Gurewitsch;Folkfestival auf der Lenzburg,,,Lied (Musik+Text),Magnettonband,SVA_01M_002,SVA_01,SGV,,27.05.2020
SVA_01M_002_a17,Frankie and Johnny were lovers,Frankie and Johnny,Hughie Cannon,USA,Hughie Cannon,USA,Kathryn Gurewitsch;Matthew Gurewitsch,USA;Schweiz;Zürich,6:20,29706,L72/2,A,17,L72/2-A17,Schweiz;Aargau;Lenzburg;Rittersaal,USA,02.07.1972,,Gesang;Gitarre,Kathryn Gurewitsch;Matthew Gurewitsch;Folkfestival auf der Lenzburg,,,Lied (Musik+Text),Magnettonband,SVA_01M_002,SVA_01,SGV,,27.05.2020
SVA_01M_002_a18,Ye mariners all as you pass by,Ye Mariners All,,,,,Kathryn Gurewitsch;Matthew Gurewitsch,USA;Schweiz;Zürich,1:40,29707,L72/2,A,18,L72/2-A18,Schweiz;Aargau;Lenzburg;Rittersaal,UK;England,02.07.1972,,Gesang;Gitarre,Kathryn Gurewitsch;Matthew Gurewitsch;Folkfestival auf der Lenzburg,,,Lied (Musik+Text),Magnettonband,SVA_01M_002,SVA_01,SGV,,27.05.2020
SVA_01M_002_a19,By the waters of Babylon,By The Waters Of Babylon,,,,,Kathryn Gurewitsch;Matthew Gurewitsch;Gabriel,USA;Schweiz;Zürich,1:30,29708,L72/2,A,19,L72/2-A19,Schweiz;Aargau;Lenzburg;Rittersaal,UK;England,02.07.1972,,Chor,Kathryn Gurewitsch;Matthew Gurewitsch;Gabriel;Folkfestival auf der Lenzburg,,,Lied (Musik+Text),Magnettonband,SVA_01M_002,SVA_01,SGV,,27.05.2020
SVA_01M_002_a20,"Get you a copper kettle, get you a copper coil",Copper Kettle,Albert Frank Beddoe,USA,Albert Frank Beddoe,USA,Kathryn Gurewitsch;Matthew Gurewitsch;Gabriel,USA;Schweiz;Zürich,3:20,29709,L72/2,A,20,L72/2-A20,Schweiz;Aargau;Lenzburg;Rittersaal,USA,02.07.1972,,Gesang;Gitarre,Kathryn Gurewitsch;Matthew Gurewitsch;Gabriel;Folkfestival auf der Lenzburg,,,Lied (Musik+Text),Magnettonband,SVA_01M_002,SVA_01,SGV,,27.05.2020
SVA_01M_002_a21,,,,,,,The String Band,USA;Minnesota;Minneapolis,2:20,,L72/2,A,21,L72/2-A21,Schweiz;Aargau;Lenzburg;Rittersaal,,02.07.1972,,Gesang;Banjo;Gitarre;Löffel,The String Band;Folkfestival auf der Lenzburg,,,Lied (Musik+Text),Magnettonband,SVA_01M_002,SVA_01,SGV,,27.05.2020
SVA_01M_002_a22,,,,,,,The String Band,USA;Minnesota;Minneapolis,2:50,,L72/2,A,22,L72/2-A22,Schweiz;Aargau;Lenzburg;Rittersaal,,02.07.1972,,Geige;Gitarre;Gesang,The String Band;Folkfestival auf der Lenzburg,,,Lied (Musik+Text),Magnettonband,SVA_01M_002,SVA_01,SGV,,27.05.2020
SVA_01M_002_a23,Hot corn cold corn bring along the demijohn,Hot Corn Cold Corn,,,,,The String Band,USA;Minnesota;Minneapolis,2:40,29710,L72/2,A,23,L72/2-A23,Schweiz;Aargau;Lenzburg;Rittersaal,,02.07.1972,,Gesang;Banjo;Gitarre,The String Band;Folkfestival auf der Lenzburg,,,Lied (Musik+Text),Magnettonband,SVA_01M_002,SVA_01,SGV,,27.05.2020
SVA_01M_002_a24,"Say, you've been fishing all the time",Fishing Blues,Chris Smith,USA,Chris Smith,USA,The String Band,USA;Minnesota;Minneapolis,3:15,29711,L72/2,A,24,L72/2-A24,Schweiz;Aargau;Lenzburg;Rittersaal,USA,02.07.1972,1911,Gesang;Autoharp;Gitarre;Geige,The String Band;Folkfestival auf der Lenzburg,,,Lied (Musik+Text),Magnettonband,SVA_01M_002,SVA_01,SGV,,27.05.2020
SVA_01M_002_a25,Have you been meeting Joe Joe,Uncle Joe,,,,,The String Band,USA;Minnesota;Minneapolis,2:30,29712,L72/2,A,25,L72/2-A25,Schweiz;Aargau;Lenzburg;Rittersaal,USA,02.07.1972,,Gesang;Geige;Waschbrett,The String Band;Folkfestival auf der Lenzburg,,,Lied (Musik+Text),Magnettonband,SVA_01M_002,SVA_01,SGV,,27.05.2020
SVA_01M_002_a26,,,,,,,The String Band,USA;Minnesota;Minneapolis,2:10,,L72/2,A,26,L72/2-A26,Schweiz;Aargau;Lenzburg;Rittersaal,USA,02.07.1972,,Gesang;Banjo;Geige;Bass,The String Band;Folkfestival auf der Lenzburg,,,Lied (Musik+Text),Magnettonband,SVA_01M_002,SVA_01,SGV,,27.05.2020
SVA_01M_002_a27,"Ho, boys, gonna right?",Linin' Track,,,,,The String Band,USA;Minnesota;Minneapolis,1:50,29713,L72/2,A,27,L72/2-A27,Schweiz;Aargau;Lenzburg;Rittersaal,USA,02.07.1972,,Maultrommel;Gesang,The String Band;Folkfestival auf der Lenzburg,,,Lied (Musik+Text),Magnettonband,SVA_01M_002,SVA_01,SGV,,27.05.2020
SVA_01M_002_a28,,Orange Blossom Special,,,,,The String Band,USA;Minnesota;Minneapolis,4:30,,L72/2,A,28,L72/2-A28,Schweiz;Aargau;Lenzburg;Rittersaal,USA,02.07.1972,,Geige;Gitarre;Löffel;Sprecher,The String Band;Folkfestival auf der Lenzburg,,,Stück (nur Musik),Magnettonband,SVA_01M_002,SVA_01,SGV,,27.05.2020
SVA_01M_002_a29,,,René Haueter,Schweiz;Bern,,,René Haueter,Schweiz;Bern,4:05,,L72/2,A,29,L72/2-A29,Schweiz;Aargau;Lenzburg;Rittersaal,Schweiz;Bern,02.07.1972,,Gitarre,René Haueter;Folkfestival auf der Lenzburg,,,Stück (nur Musik),Magnettonband,SVA_01M_002,SVA_01,SGV,,27.05.2020
SVA_01M_002_a30,Came up to me a brisk young man and asked me,,,,,,Skibbereen,Schweiz;Zürich,3:25,29714,L72/2,A,30,L72/2-A30,Schweiz;Aargau;Lenzburg;Rittersaal,,02.07.1972,,Gesang;Gitarre;Geige;E-Bass,Skibbereen;Erwin Bucher;Roland Ambühl;Ruedi Hoppler;Folkfestival auf der Lenzburg,,,Lied (Musik+Text),Magnettonband,SVA_01M_002,SVA_01,SGV,,27.05.2020
SVA_01M_002_a31,,Over The Hills,,,,,Skibbereen,Schweiz;Zürich,3:55,,L72/2,A,31,L72/2-A31,Schweiz;Aargau;Lenzburg;Rittersaal,Irland,02.07.1972,,Querflöte;Gitarre;E-Bass;Löffel,Skibbereen;Erwin Bucher;Roland Ambühl;Ruedi Hoppler;Folkfestival auf der Lenzburg,,,Stück (nur Musik),Magnettonband,SVA_01M_002,SVA_01,SGV,,27.05.2020
SVA_01M_002_a32,If I had another penny,Byker Hill,,,,,Skibbereen,Schweiz;Zürich,4:20,29715,L72/2,A,32,L72/2-A32,Schweiz;Aargau;Lenzburg;Rittersaal,UK;England,02.07.1972,,Gesang;Gitarre;Geige;E-Bass,Skibbereen;Erwin Bucher;Roland Ambühl;Ruedi Hoppler;Folkfestival auf der Lenzburg,,,Lied (Musik+Text),Magnettonband,SVA_01M_002,SVA_01,SGV,,27.05.2020
SVA_01M_002_a33,,Skibbereen,,,,,Skibbereen,Schweiz;Zürich,2:45,,L72/2,A,33,L72/2-A33,Schweiz;Aargau;Lenzburg;Rittersaal,Irland,02.07.1972,,Mandoline;Gitarre;E-Bass;Tin Whistle,Skibbereen;Erwin Bucher;Roland Ambühl;Ruedi Hoppler;Daniel Perret;Folkfestival auf der Lenzburg,,,Stück (nur Musik),Magnettonband,SVA_01M_002,SVA_01,SGV,,27.05.2020
SVA_01M_002_b1,,Real Face Hornpipe,,,,,Skibbereen,Schweiz;Zürich,1:15,,L72/2,B,1,L72/2-B1,Schweiz;Aargau;Lenzburg;Rittersaal,Irland,02.07.1972,,Mandoline;Gitarre;E-Bass;Tin Whistle,Skibbereen;Erwin Bucher;Roland Ambühl;Ruedi Hoppler;Daniel Perret;Folkfestival auf der Lenzburg,,,Stück (nur Musik),Magnettonband,SVA_01M_002,SVA_01,SGV,,27.05.2020
SVA_01M_002_b2,,Foggy Mountain Breakdown,Earl Scruggs,USA,,,15 Strings Band;Hervé de Sainte Foy,Frankreich;Paris,3:00,,L72/2,B,2,L72/2-B2,Schweiz;Aargau;Lenzburg;Rittersaal,USA,02.07.1972,1950,Mandoline;Banjo;Gitarre,15 Strings Band;Hervé de Sainte Foy;Folkfestival auf der Lenzburg,,,Stück (nur Musik),Magnettonband,SVA_01M_002,SVA_01,SGV,,27.05.2020
SVA_01M_002_b3,Left the good job in the city,Proud Mary,John Fogerty,USA,John Fogerty,USA,15 Strings Band;Hervé de Sainte Foy,Frankreich;Paris,2:45,29716,L72/2,B,3,L72/2-B3,Schweiz;Aargau;Lenzburg;Rittersaal,,02.07.1972,1968,Gesang;Gitarre;Banjo;Mandoline,15 Strings Band;Hervé de Sainte Foy;Folkfestival auf der Lenzburg,,,Lied (Musik+Text),Magnettonband,SVA_01M_002,SVA_01,SGV,,27.05.2020
SVA_01M_002_b4,,Mocking Banjo,Arthur Smith,USA,,,15 Strings Band;Hervé de Sainte Foy,Frankreich;Paris,2:20,,L72/2,B,4,L72/2-B4,Schweiz;Aargau;Lenzburg;Rittersaal,USA,02.07.1972,1954,Mandoline;Banjo;Gitarre,15 Strings Band;Hervé de Sainte Foy;Folkfestival auf der Lenzburg,,,Stück (nur Musik),Magnettonband,SVA_01M_002,SVA_01,SGV,,27.05.2020
SVA_01M_002_b5,I was born in East Virginia,East Virginia,,,,,15 Strings Band;Hervé de Sainte Foy,Frankreich;Paris,2:30,29717,L72/2,B,5,L72/2-B5,Schweiz;Aargau;Lenzburg;Rittersaal,USA,02.07.1972,,Gesang;Gitarre;Banjo;Mandoline,15 Strings Band;Hervé de Sainte Foy;Folkfestival auf der Lenzburg,,,Lied (Musik+Text),Magnettonband,SVA_01M_002,SVA_01,SGV,,27.05.2020
SVA_01M_002_b6,,Shuckin' The Corn,Earl Scruggs,USA,,,15 Strings Band;Hervé de Sainte Foy,Frankreich;Paris,2:45,,L72/2,B,6,L72/2-B6,Schweiz;Aargau;Lenzburg;Rittersaal,USA,02.07.1972,,Mandoline;Banjo;Gitarre,15 Strings Band;Hervé de Sainte Foy;Folkfestival auf der Lenzburg,,,Stück (nur Musik),Magnettonband,SVA_01M_002,SVA_01,SGV,,27.05.2020
SVA_01M_002_b7,Now here's good luck to the pint pot,The Barley Mow,,,,,Dick Watts,UK;England;Zürich;Erlenbach,4:00,29718,L72/2,B,7,L72/2-B7,Schweiz;Aargau;Lenzburg;Rittersaal,UK;England,02.07.1972,,Gesang,Dick Watts;Folkfestival auf der Lenzburg,,,Lied (Musik+Text),Magnettonband,SVA_01M_002,SVA_01,SGV,,27.05.2020
SVA_01M_002_b8,A sailor's life is a merry life,A Sailors' Life,,,,,Dick Watts,UK;England;Zürich;Erlenbach,2:25,29719,L72/2,B,8,L72/2-B8,Schweiz;Aargau;Lenzburg;Rittersaal,UK;England,02.07.1972,,Gesang,Dick Watts;Folkfestival auf der Lenzburg,,,Lied (Musik+Text),Magnettonband,SVA_01M_002,SVA_01,SGV,,27.05.2020
SVA_01M_002_b9,,,,,,,Bluegrass Blossoms,Schweiz;Bern,1:00,,L72/2,B,9,L72/2-B9,Schweiz;Aargau;Lenzburg;Rittersaal,,02.07.1972,,Banjo;Mandoline;Gitarre,Bluegrass Blossoms;Hans Holzherr;Gérard Theiler;Matthias Baumann;Folkfestival auf der Lenzburg,,,Stück (nur Musik),Magnettonband,SVA_01M_002,SVA_01,SGV,,27.05.2020
SVA_01M_002_b10,There's a sunny side where no ill betide,The Happy Sunny Side Of Life,Tillit S. Teddlie,USA,Tillit S. Tedlie,USA,Bluegrass Blossoms,Schweiz;Bern,2:15,29720,L72/2,B,10,L72/2-B10,Schweiz;Aargau;Lenzburg;Rittersaal,USA,02.07.1972,1918,Gesang;Banjo;Mandoline;Gitarre,Bluegrass Blossoms;Hans Holzherr;Gérard Theiler;Matthias Baumann;Folkfestival auf der Lenzburg,,,Lied (Musik+Text),Magnettonband,SVA_01M_002,SVA_01,SGV,,27.05.2020
SVA_01M_002_b11,,Grandfather's Clock,Henry Clay Work,USA,Henry Clay Work,USA,Bluegrass Blossoms,Schweiz;Bern,2:15,,L72/2,B,11,L72/2-B11,Schweiz;Aargau;Lenzburg;Rittersaal,USA,02.07.1972,1876,Banjo;Mandoline;Gitarre,Bluegrass Blossoms;Hans Holzherr;Gérard Theiler;Matthias Baumann;Folkfestival auf der Lenzburg,,,Stück (nur Musik),Magnettonband,SVA_01M_002,SVA_01,SGV,,27.05.2020
SVA_01M_002_b12,I wish I was in London or some other seaport town,Handsome Molly,,,,,Bluegrass Blossoms,Schweiz;Bern,2:20,29721,L72/2,B,12,L72/2-B12,Schweiz;Aargau;Lenzburg;Rittersaal,,02.07.1972,,Gesang;Banjo;Mandoline;Gitarre,Bluegrass Blossoms;Hans Holzherr;Gérard Theiler;Matthias Baumann;Folkfestival auf der Lenzburg,,,Lied (Musik+Text),Magnettonband,SVA_01M_002,SVA_01,SGV,,27.05.2020
SVA_01M_002_b13,,,,,,,Daniel Perret;Roland Ambühl,Schweiz;Zürich;Thalwil;Hinwil,5:20,,L72/2,B,13,L72/2-B13,Schweiz;Aargau;Lenzburg;Rittersaal,UK;Schottland,02.07.1972,,Dudelsack;Trommel,Daniel Perret;Roland Ambühl;Folkfestival auf der Lenzburg,,,Stück (nur Musik),Magnettonband,SVA_01M_002,SVA_01,SGV,,27.05.2020